Campaign,Ad Group,Keyword,Criterion Type
SEM_Sofas,sofas,cheap sofas,Exact
SEM_Sofas,sofas,sofas cheap,Exact
SEM_Sofas,sofas,discount sofas,Exact
SEM_Sofas,sofas,sofas discount,Exact
SEM_Sofas,sofas,sale sofas,Exact
SEM_Sofas,sofas,sofas sale,Exact
SEM_Sofas,sofas,affordable sofas,Exact
SEM_Sofas,sofas,sofas affordable,Exact
SEM_Sofas,sofas,low cost sofas,Exact
SEM_Sofas,sofas,sofas low cost,Exact
SEM_Sofas,sofas,best price sofas,Exact
SEM_Sofas,sofas,sofas best price,Exact
SEM_Sofas,sofas,deals sofas,Exact
SEM_Sofas,sofas,sofas deals,Exact
SEM_Sofas,sofas,buy sofas,Exact
SEM_Sofas,sofas,sofas buy,Exact
SEM_Sofas,sofas,offers sofas,Exact
SEM_Sofas,sofas,sofas offers,Exact
SEM_Sofas,sofas,budget sofas,Exact
SEM_Sofas,sofas,sofas budget,Exact
SEM_Sofas,sofas,clearance sofas,Exact
SEM_Sofas,sofas,sofas clearance,Exact
SEM_Sofas,sofas,price sofas,Exact
SEM_Sofas,sofas,sofas price,Exact
SEM_Sofas,sofas,promo sofas,Exact
SEM_Sofas,sofas,sofas promo,Exact
SEM_Sofas,convertible sofas,cheap convertible sofas,Exact
SEM_Sofas,convertible sofas,convertible sofas cheap,Exact
SEM_Sofas,convertible sofas,discount convertible sofas,Exact
SEM_Sofas,convertible sofas,convertible sofas discount,Exact
SEM_Sofas,convertible sofas,sale convertible sofas,Exact
SEM_Sofas,convertible sofas,convertible sofas sale,Exact
SEM_Sofas,convertible sofas,affordable convertible sofas,Exact
SEM_Sofas,convertible sofas,convertible sofas affordable,Exact
SEM_Sofas,convertible sofas,low cost convertible sofas,Exact
SEM_Sofas,convertible sofas,convertible sofas low cost,Exact
SEM_Sofas,convertible sofas,best price convertible sofas,Exact
SEM_Sofas,convertible sofas,convertible sofas best price,Exact
SEM_Sofas,convertible sofas,deals convertible sofas,Exact
SEM_Sofas,convertible sofas,convertible sofas deals,Exact
SEM_Sofas,convertible sofas,buy convertible sofas,Exact
SEM_Sofas,convertible sofas,convertible sofas buy,Exact
SEM_Sofas,convertible sofas,offers convertible sofas,Exact
SEM_Sofas,convertible sofas,convertible sofas offers,Exact
SEM_Sofas,convertible sofas,budget convertible sofas,Exact
SEM_Sofas,convertible sofas,convertible sofas budget,Exact
SEM_Sofas,convertible sofas,clearance convertible sofas,Exact
SEM_Sofas,convertible sofas,convertible sofas clearance,Exact
SEM_Sofas,convertible sofas,price convertible sofas,Exact
SEM_Sofas,convertible sofas,convertible sofas price,Exact
SEM_Sofas,convertible sofas,promo convertible sofas,Exact
SEM_Sofas,convertible sofas,convertible sofas promo,Exact
SEM_Sofas,love seats,cheap love seats,Exact
SEM_Sofas,love seats,love seats cheap,Exact
SEM_Sofas,love seats,discount love seats,Exact
SEM_Sofas,love seats,love seats discount,Exact
SEM_Sofas,love seats,sale love seats,Exact
SEM_Sofas,love seats,love seats sale,Exact
SEM_Sofas,love seats,affordable love seats,Exact
SEM_Sofas,love seats,love seats affordable,Exact
SEM_Sofas,love seats,low cost love seats,Exact
SEM_Sofas,love seats,love seats low cost,Exact
SEM_Sofas,love seats,best price love seats,Exact
SEM_Sofas,love seats,love seats best price,Exact
SEM_Sofas,love seats,deals love seats,Exact
SEM_Sofas,love seats,love seats deals,Exact
SEM_Sofas,love seats,buy love seats,Exact
SEM_Sofas,love seats,love seats buy,Exact
SEM_Sofas,love seats,offers love seats,Exact
SEM_Sofas,love seats,love seats offers,Exact
SEM_Sofas,love seats,budget love seats,Exact
SEM_Sofas,love seats,love seats budget,Exact
SEM_Sofas,love seats,clearance love seats,Exact
SEM_Sofas,love seats,love seats clearance,Exact
SEM_Sofas,love seats,price love seats,Exact
SEM_Sofas,love seats,love seats price,Exact
SEM_Sofas,love seats,promo love seats,Exact
SEM_Sofas,love seats,love seats promo,Exact
SEM_Sofas,recliners,cheap recliners,Exact
SEM_Sofas,recliners,recliners cheap,Exact
SEM_Sofas,recliners,discount recliners,Exact
SEM_Sofas,recliners,recliners discount,Exact
SEM_Sofas,recliners,sale recliners,Exact
SEM_Sofas,recliners,recliners sale,Exact
SEM_Sofas,recliners,affordable recliners,Exact
SEM_Sofas,recliners,recliners affordable,Exact
SEM_Sofas,recliners,low cost recliners,Exact
SEM_Sofas,recliners,recliners low cost,Exact
SEM_Sofas,recliners,best price recliners,Exact
SEM_Sofas,recliners,recliners best price,Exact
SEM_Sofas,recliners,deals recliners,Exact
SEM_Sofas,recliners,recliners deals,Exact
SEM_Sofas,recliners,buy recliners,Exact
SEM_Sofas,recliners,recliners buy,Exact
SEM_Sofas,recliners,offers recliners,Exact
SEM_Sofas,recliners,recliners offers,Exact
SEM_Sofas,recliners,budget recliners,Exact
SEM_Sofas,recliners,recliners budget,Exact
SEM_Sofas,recliners,clearance recliners,Exact
SEM_Sofas,recliners,recliners clearance,Exact
SEM_Sofas,recliners,price recliners,Exact
SEM_Sofas,recliners,recliners price,Exact
SEM_Sofas,recliners,promo recliners,Exact
SEM_Sofas,recliners,recliners promo,Exact
SEM_Sofas,sofa beds,cheap sofa beds,Exact
SEM_Sofas,sofa beds,sofa beds cheap,Exact
SEM_Sofas,sofa beds,discount sofa beds,Exact
SEM_Sofas,sofa beds,sofa beds discount,Exact
SEM_Sofas,sofa beds,sale sofa beds,Exact
SEM_Sofas,sofa beds,sofa beds sale,Exact
SEM_Sofas,sofa beds,affordable sofa beds,Exact
SEM_Sofas,sofa beds,sofa beds affordable,Exact
SEM_Sofas,sofa beds,low cost sofa beds,Exact
SEM_Sofas,sofa beds,sofa beds low cost,Exact
SEM_Sofas,sofa beds,best price sofa beds,Exact
SEM_Sofas,sofa beds,sofa beds best price,Exact
SEM_Sofas,sofa beds,deals sofa beds,Exact
SEM_Sofas,sofa beds,sofa beds deals,Exact
SEM_Sofas,sofa beds,buy sofa beds,Exact
SEM_Sofas,sofa beds,sofa beds buy,Exact
SEM_Sofas,sofa beds,offers sofa beds,Exact
SEM_Sofas,sofa beds,sofa beds offers,Exact
SEM_Sofas,sofa beds,budget sofa beds,Exact
SEM_Sofas,sofa beds,sofa beds budget,Exact
SEM_Sofas,sofa beds,clearance sofa beds,Exact
SEM_Sofas,sofa beds,sofa beds clearance,Exact
SEM_Sofas,sofa beds,price sofa beds,Exact
SEM_Sofas,sofa beds,sofa beds price,Exact
SEM_Sofas,sofa beds,promo sofa beds,Exact
SEM_Sofas,sofa beds,sofa beds promo,Exact
